Designator,Footprint,Quantity,Value,LCSC Part #
K0,SW_Cherry_MX_1.00u_PCB,1,KEYSW,
H2,MountingHole_3.2mm_M3_DIN965,1,MountingHole,
H3,MountingHole_3.2mm_M3_DIN965,1,MountingHole,
H4,MountingHole_3.2mm_M3_DIN965,1,MountingHole,
SW1,SW_Push_1P1T_NO_6x6mm_H9.5mm,1,Reset_SW,
H1,MountingHole_3.2mm_M3_DIN965,1,MountingHole,
K8,SW_Cherry_MX_1.00u_PCB,1,KEYSW,
K45,SW_Cherry_MX_1.00u_PCB,1,KEYSW,
K17,SW_Cherry_MX_1.00u_PCB,1,KEYSW,
K33,SW_Cherry_MX_2.00u_PCB,1,KEYSW,
K48,SW_Cherry_MX_1.00u_PCB,1,KEYSW,
K25,SW_Cherry_MX_1.00u_PCB,1,KEYSW,
K66,SW_Cherry_MX_1.00u_PCB,1,KEYSW,
K94,SW_Cherry_MX_1.00u_PCB,1,KEYSW,
K88,SW_Cherry_MX_1.00u_PCB,1,KEYSW,
K28,SW_Cherry_MX_1.00u_PCB,1,KEYSW,
K70,SW_Cherry_MX_1.00u_PCB,1,KEYSW,
K76,SW_Cherry_MX_1.00u_PCB,1,KEYSW,
K42,SW_Cherry_MX_1.00u_PCB,1,KEYSW,
K84,SW_Cherry_MX_1.00u_PCB,1,KEYSW,
K73,SW_Cherry_MX_1.00u_PCB,1,KEYSW,
K96,SW_Cherry_MX_1.25u_PCB,1,KEYSW,
K83,SW_Cherry_MX_1.00u_PCB,1,KEYSW,
K37,SW_Cherry_MX_1.00u_PCB,1,KEYSW,
C8,C_0805_2012Metric_Pad1.18x1.45mm_HandSolder,1,0.1u,
K91,SW_Cherry_MX_1.00u_PCB,1,KEYSW,
K15,SW_Cherry_MX_1.00u_PCB,1,KEYSW,
K39,SW_Cherry_MX_1.00u_PCB,1,KEYSW,
K31,SW_Cherry_MX_1.00u_PCB,1,KEYSW,
K65,SW_Cherry_MX_1.00u_PCB,1,KEYSW,
K19,SW_Cherry_MX_1.00u_PCB,1,KEYSW,
K54,SW_Cherry_MX_1.25u_PCB,1,KEYSW,
J3,USB_C_Receptacle_GCT_USB4085,1,USB_C_Receptacle_USB2.0,
K13,SW_Cherry_MX_1.00u_PCB,1,KEYSW,
F1,Fuse_1206_3216Metric_Pad1.42x1.75mm_HandSolder,1,Fuse,
K38,SW_Cherry_MX_1.00u_PCB,1,KEYSW,
K2,SW_Cherry_MX_1.00u_PCB,1,KEYSW,
K61,SW_Cherry_MX_1.00u_PCB,1,KEYSW,
K80,SW_Cherry_MX_1.00u_PCB,1,KEYSW,
K44,SW_Cherry_MX_1.00u_PCB,1,KEYSW,
K100,SW_Cherry_MX_1.25u_PCB,1,KEYSW,
K43,SW_Cherry_MX_1.00u_PCB,1,KEYSW,
K55,SW_Cherry_MX_1.00u_PCB,1,KEYSW,
K41,SW_Cherry_MX_1.50u_PCB,1,KEYSW,
K90,SW_Cherry_MX_2.75u_PCB,1,KEYSW,
K58,SW_Cherry_MX_1.00u_PCB,1,KEYSW,
K10,SW_Cherry_MX_1.00u_PCB,1,KEYSW,
K26,SW_Cherry_MX_1.00u_PCB,1,KEYSW,
K72,SW_Cherry_MX_1.00u_PCB,1,KEYSW,
K27,SW_Cherry_MX_1.00u_PCB,1,KEYSW,
K87,SW_Cherry_MX_1.00u_PCB,1,KEYSW,
K106,SW_Cherry_MX_1.00u_PCB,1,KEYSW,
K64,SW_Cherry_MX_1.00u_PCB,1,KEYSW,
K49,SW_Cherry_MX_1.00u_PCB,1,KEYSW,
K32,SW_Cherry_MX_1.00u_PCB,1,KEYSW,
K75,SW_Cherry_MX_1.00u_PCB,1,KEYSW,
C9,C_0805_2012Metric_Pad1.18x1.45mm_HandSolder,1,0.1u,
K89,SW_Cherry_MX_1.00u_PCB,1,KEYSW,
K56,SW_Cherry_MX_1.00u_PCB,1,KEYSW,
K16,SW_Cherry_MX_1.00u_PCB,1,KEYSW,
X1,Oscillator_SMD_Abracon_ASE-4Pin_3.2x2.5mm,1,ASE-xxxMHz,
K104,SW_Cherry_MX_1.00u_PCB,1,KEYSW,
J2,PinHeader_1x06_P1.27mm_Vertical,1,Conn_01x06,
K99,SW_Cherry_MX_6.25u_PCB,1,KEYSW,
K78,SW_Cherry_MX_1.25u_PCB,1,KEYSW,
K101,SW_Cherry_MX_1.25u_PCB,1,KEYSW,
K7,SW_Cherry_MX_1.00u_PCB,1,KEYSW,
K14,SW_Cherry_MX_1.00u_PCB,1,KEYSW,
K22,SW_Cherry_MX_1.00u_PCB,1,KEYSW,
K24,SW_Cherry_MX_1.00u_PCB,1,KEYSW,
K5,SW_Cherry_MX_1.00u_PCB,1,KEYSW,
K59,SW_Cherry_MX_1.00u_PCB,1,KEYSW,
K34,SW_Cherry_MX_1.00u_PCB,1,KEYSW,
K46,SW_Cherry_MX_1.00u_PCB,1,KEYSW,
K103,SW_Cherry_MX_1.25u_PCB,1,KEYSW,
K71,SW_Cherry_MX_1.00u_PCB,1,KEYSW,
K29,SW_Cherry_MX_1.00u_PCB,1,KEYSW,
K69,SW_Cherry_MX_1.00u_PCB,1,KEYSW,
K68,SW_Cherry_MX_1.00u_PCB,1,KEYSW,
K3,SW_Cherry_MX_1.00u_PCB,1,KEYSW,
K60,SW_Cherry_MX_1.00u_PCB,1,KEYSW,
K86,SW_Cherry_MX_1.00u_PCB,1,KEYSW,
K1,SW_Cherry_MX_1.00u_PCB,1,KEYSW,
K93,SW_Cherry_MX_1.00u_PCB,1,KEYSW,
K40,SW_Cherry_MX_1.00u_PCB,1,KEYSW,
K36,SW_Cherry_MX_1.00u_PCB,1,KEYSW,
K77,SW_Cherry_MX_1.00u_PCB,1,KEYSW,
K53,SW_Cherry_MX_1.00u_PCB,1,KEYSW,
K12,SW_Cherry_MX_1.00u_PCB,1,KEYSW,
K18,SW_Cherry_MX_1.00u_PCB,1,KEYSW,
K23,SW_Cherry_MX_1.00u_PCB,1,KEYSW,
K92,SW_Cherry_MX_1.00u_PCB,1,KEYSW,
K57,SW_Cherry_MX_1.00u_PCB,1,KEYSW,
K79,SW_Cherry_MX_1.00u_PCB,1,KEYSW,
K20,SW_Cherry_MX_1.00u_PCB,1,KEYSW,
K62,SW_Cherry_MX_1.75u_PCB,1,KEYSW,
K102,SW_Cherry_MX_1.25u_PCB,1,KEYSW,
K81,SW_Cherry_MX_1.00u_PCB,1,KEYSW,
K67,SW_Cherry_MX_1.00u_PCB,1,KEYSW,
K74,SW_Cherry_MX_1.00u_PCB,1,KEYSW,
K21,SW_Cherry_MX_1.00u_PCB,1,KEYSW,
K35,SW_Cherry_MX_1.00u_PCB,1,KEYSW,
K30,SW_Cherry_MX_1.00u_PCB,1,KEYSW,
K4,SW_Cherry_MX_1.00u_PCB,1,KEYSW,
K98,SW_Cherry_MX_1.25u_PCB,1,KEYSW,
K82,SW_Cherry_MX_1.00u_PCB,1,KEYSW,
K11,SW_Cherry_MX_1.00u_PCB,1,KEYSW,
K97,SW_Cherry_MX_1.25u_PCB,1,KEYSW,
K108,SW_Cherry_MX_1.00u_PCB,1,KEYSW,
K105,SW_Cherry_MX_1.00u_PCB,1,KEYSW,
K107,SW_Cherry_MX_2.00u_PCB,1,KEYSW,
K51,SW_Cherry_MX_1.00u_PCB,1,KEYSW,
K47,SW_Cherry_MX_1.00u_PCB,1,KEYSW,
K6,SW_Cherry_MX_1.00u_PCB,1,KEYSW,
K52,SW_Cherry_MX_1.00u_PCB,1,KEYSW,
K9,SW_Cherry_MX_1.00u_PCB,1,KEYSW,
K85,SW_Cherry_MX_1.00u_PCB,1,KEYSW,
JP4,SolderJumper-3_P1.3mm_Open_RoundedPad1.0x1.5mm,1,SolderJumper_3_Open,
K50,SW_Cherry_MX_1.00u_PCB,1,KEYSW,
K95,SW_Cherry_MX_1.00u_PCB,1,KEYSW,
K63,SW_Cherry_MX_1.00u_PCB,1,KEYSW,
D0,D_0805_2012Metric_Pad1.15x1.40mm_HandSolder,1,D,
C1,C_0805_2012Metric_Pad1.15x1.40mm_HandSolder,1,0.1u,
C2,C_0805_2012Metric_Pad1.15x1.40mm_HandSolder,1,0.1u,
C3,C_0805_2012Metric_Pad1.15x1.40mm_HandSolder,1,0.1u,
C4,C_0805_2012Metric_Pad1.15x1.40mm_HandSolder,1,0.1u,
C5,C_0805_2012Metric_Pad1.15x1.40mm_HandSolder,1,4.7u,
R2,R_0805_2012Metric_Pad1.15x1.40mm_HandSolder,1,22R,
R3,R_0805_2012Metric_Pad1.15x1.40mm_HandSolder,1,22R,
D18,D_0805_2012Metric_Pad1.15x1.40mm_HandSolder,1,D,
D268,SK6812-MINI-E,1,SK6812MINI,
D63,D_0805_2012Metric_Pad1.15x1.40mm_HandSolder,1,D,
D211,SK6812-MINI-E,1,SK6812MINI,
D287,SK6812-MINI-E,1,SK6812MINI,
D279,SK6812-MINI-E,1,SK6812MINI,
D57,D_0805_2012Metric_Pad1.15x1.40mm_HandSolder,1,D,
D238,SK6812-MINI-E,1,SK6812MINI,
D266,SK6812-MINI-E,1,SK6812MINI,
D271,SK6812-MINI-E,1,SK6812MINI,
Q1,ATPAK-2,1,Q_PMOS_DGS,
D52,D_0805_2012Metric_Pad1.15x1.40mm_HandSolder,1,D,
D98,D_0805_2012Metric_Pad1.15x1.40mm_HandSolder,1,D,
D14,D_0805_2012Metric_Pad1.15x1.40mm_HandSolder,1,D,
D5,D_0805_2012Metric_Pad1.15x1.40mm_HandSolder,1,D,
D61,D_0805_2012Metric_Pad1.15x1.40mm_HandSolder,1,D,
D89,D_0805_2012Metric_Pad1.15x1.40mm_HandSolder,1,D,
D27,D_0805_2012Metric_Pad1.15x1.40mm_HandSolder,1,D,
D251,SK6812-MINI-E,1,SK6812MINI,
D300,SK6812-MINI-E,1,SK6812MINI,
D31,D_0805_2012Metric_Pad1.15x1.40mm_HandSolder,1,D,
D214,SK6812-MINI-E,1,SK6812MINI,
D67,D_0805_2012Metric_Pad1.15x1.40mm_HandSolder,1,D,
D276,SK6812-MINI-E,1,SK6812MINI,
D302,SK6812-MINI-E,1,SK6812MINI,
D273,SK6812-MINI-E,1,SK6812MINI,
D237,SK6812-MINI-E,1,SK6812MINI,
D64,D_0805_2012Metric_Pad1.15x1.40mm_HandSolder,1,D,
C19,C_0805_2012Metric_Pad1.18x1.45mm_HandSolder,1,0.1u,
D71,D_0805_2012Metric_Pad1.15x1.40mm_HandSolder,1,D,
C17,C_0805_2012Metric_Pad1.18x1.45mm_HandSolder,1,0.1u,
D83,D_0805_2012Metric_Pad1.15x1.40mm_HandSolder,1,D,
D250,SK6812-MINI-E,1,SK6812MINI,
C16,C_0805_2012Metric_Pad1.18x1.45mm_HandSolder,1,0.1u,
D55,D_0805_2012Metric_Pad1.15x1.40mm_HandSolder,1,D,
D66,D_0805_2012Metric_Pad1.15x1.40mm_HandSolder,1,D,
D32,D_0805_2012Metric_Pad1.15x1.40mm_HandSolder,1,D,
D104,D_0805_2012Metric_Pad1.15x1.40mm_HandSolder,1,D,
D108,D_0805_2012Metric_Pad1.15x1.40mm_HandSolder,1,D,
D65,D_0805_2012Metric_Pad1.15x1.40mm_HandSolder,1,D,
D33,D_0805_2012Metric_Pad1.15x1.40mm_HandSolder,1,D,
D243,SK6812-MINI-E,1,SK6812MINI,
D232,SK6812-MINI-E,1,SK6812MINI,
D39,D_0805_2012Metric_Pad1.15x1.40mm_HandSolder,1,D,
D297,SK6812-MINI-E,1,SK6812MINI,
C13,C_0805_2012Metric_Pad1.18x1.45mm_HandSolder,1,0.1u,
D91,D_0805_2012Metric_Pad1.15x1.40mm_HandSolder,1,D,
D306,SK6812-MINI-E,1,SK6812MINI,
D87,D_0805_2012Metric_Pad1.15x1.40mm_HandSolder,1,D,
U1,LQFP-64_10x10mm_P0.5mm,1,STM32F103RBTx,
D96,D_0805_2012Metric_Pad1.15x1.40mm_HandSolder,1,D,
D37,D_0805_2012Metric_Pad1.15x1.40mm_HandSolder,1,D,
D204,SK6812-MINI-E,1,SK6812MINI,
D293,SK6812-MINI-E,1,SK6812MINI,
D248,SK6812-MINI-E,1,SK6812MINI,
D43,D_0805_2012Metric_Pad1.15x1.40mm_HandSolder,1,D,
D254,SK6812-MINI-E,1,SK6812MINI,
C12,C_0805_2012Metric_Pad1.18x1.45mm_HandSolder,1,0.1u,
D219,SK6812-MINI-E,1,SK6812MINI,
D56,D_0805_2012Metric_Pad1.15x1.40mm_HandSolder,1,D,
D305,SK6812-MINI-E,1,SK6812MINI,
D80,D_0805_2012Metric_Pad1.15x1.40mm_HandSolder,1,D,
D275,SK6812-MINI-E,1,SK6812MINI,
D224,SK6812-MINI-E,1,SK6812MINI,
D260,SK6812-MINI-E,1,SK6812MINI,
D291,SK6812-MINI-E,1,SK6812MINI,
D20,D_0805_2012Metric_Pad1.15x1.40mm_HandSolder,1,D,
D267,SK6812-MINI-E,1,SK6812MINI,
D206,SK6812-MINI-E,1,SK6812MINI,
D205,SK6812-MINI-E,1,SK6812MINI,
D42,D_0805_2012Metric_Pad1.15x1.40mm_HandSolder,1,D,
C10,C_0805_2012Metric_Pad1.18x1.45mm_HandSolder,1,0.1u,
D295,SK6812-MINI-E,1,SK6812MINI,
D92,D_0805_2012Metric_Pad1.15x1.40mm_HandSolder,1,D,
D244,SK6812-MINI-E,1,SK6812MINI,
JP3,SolderJumper-2_P1.3mm_Open_Pad1.0x1.5mm,1,Jumper_2_Open,
D99,D_0805_2012Metric_Pad1.15x1.40mm_HandSolder,1,D,
D10,D_0805_2012Metric_Pad1.15x1.40mm_HandSolder,1,D,
D6,D_0805_2012Metric_Pad1.15x1.40mm_HandSolder,1,D,
D258,SK6812-MINI-E,1,SK6812MINI,
D207,SK6812-MINI-E,1,SK6812MINI,
D12,D_0805_2012Metric_Pad1.15x1.40mm_HandSolder,1,D,
D51,D_0805_2012Metric_Pad1.15x1.40mm_HandSolder,1,D,
D97,D_0805_2012Metric_Pad1.15x1.40mm_HandSolder,1,D,
R7,R_0805_2012Metric_Pad1.20x1.40mm_HandSolder,1,220k,
JP2,SolderJumper-3_P1.3mm_Open_RoundedPad1.0x1.5mm,1,SolderJumper_3_Open,
D231,SK6812-MINI-E,1,SK6812MINI,
D106,D_0805_2012Metric_Pad1.15x1.40mm_HandSolder,1,D,
D72,D_0805_2012Metric_Pad1.15x1.40mm_HandSolder,1,D,
D289,SK6812-MINI-E,1,SK6812MINI,
D298,SK6812-MINI-E,1,SK6812MINI,
D257,SK6812-MINI-E,1,SK6812MINI,
D70,D_0805_2012Metric_Pad1.15x1.40mm_HandSolder,1,D,
D218,SK6812-MINI-E,1,SK6812MINI,
D25,D_0805_2012Metric_Pad1.15x1.40mm_HandSolder,1,D,
D235,SK6812-MINI-E,1,SK6812MINI,
C14,C_0805_2012Metric_Pad1.18x1.45mm_HandSolder,1,0.1u,
D26,D_0805_2012Metric_Pad1.15x1.40mm_HandSolder,1,D,
D299,SK6812-MINI-E,1,SK6812MINI,
U2,SOT-23-5,1,MCP1804x-3302xOT,
D303,SK6812-MINI-E,1,SK6812MINI,
D253,SK6812-MINI-E,1,SK6812MINI,
D240,SK6812-MINI-E,1,SK6812MINI,
D294,SK6812-MINI-E,1,SK6812MINI,
D283,SK6812-MINI-E,1,SK6812MINI,
D242,SK6812-MINI-E,1,SK6812MINI,
D216,SK6812-MINI-E,1,SK6812MINI,
D227,SK6812-MINI-E,1,SK6812MINI,
D54,D_0805_2012Metric_Pad1.15x1.40mm_HandSolder,1,D,
Q2,SOT-23,1,Q_NMOS_DGS,
D217,SK6812-MINI-E,1,SK6812MINI,
D75,D_0805_2012Metric_Pad1.15x1.40mm_HandSolder,1,D,
D259,SK6812-MINI-E,1,SK6812MINI,
D233,SK6812-MINI-E,1,SK6812MINI,
D265,SK6812-MINI-E,1,SK6812MINI,
D110,SK6812-MINI-E,1,SK6812MINI,
D274,SK6812-MINI-E,1,SK6812MINI,
C11,C_0805_2012Metric_Pad1.18x1.45mm_HandSolder,1,0.1u,
D261,SK6812-MINI-E,1,SK6812MINI,
D35,D_0805_2012Metric_Pad1.15x1.40mm_HandSolder,1,D,
D46,D_0805_2012Metric_Pad1.15x1.40mm_HandSolder,1,D,
D24,D_0805_2012Metric_Pad1.15x1.40mm_HandSolder,1,D,
D9,D_0805_2012Metric_Pad1.15x1.40mm_HandSolder,1,D,
D212,SK6812-MINI-E,1,SK6812MINI,
D111,SK6812-MINI-E,1,SK6812MINI,
D40,D_0805_2012Metric_Pad1.15x1.40mm_HandSolder,1,D,
D95,D_0805_2012Metric_Pad1.15x1.40mm_HandSolder,1,D,
D288,SK6812-MINI-E,1,SK6812MINI,
D255,SK6812-MINI-E,1,SK6812MINI,
D60,D_0805_2012Metric_Pad1.15x1.40mm_HandSolder,1,D,
D220,SK6812-MINI-E,1,SK6812MINI,
D84,D_0805_2012Metric_Pad1.15x1.40mm_HandSolder,1,D,
D76,D_0805_2012Metric_Pad1.15x1.40mm_HandSolder,1,D,
D246,SK6812-MINI-E,1,SK6812MINI,
D245,SK6812-MINI-E,1,SK6812MINI,
D210,SK6812-MINI-E,1,SK6812MINI,
D107,D_0805_2012Metric_Pad1.15x1.40mm_HandSolder,1,D,
D30,D_0805_2012Metric_Pad1.15x1.40mm_HandSolder,1,D,
D19,D_0805_2012Metric_Pad1.15x1.40mm_HandSolder,1,D,
D241,SK6812-MINI-E,1,SK6812MINI,
D304,SK6812-MINI-E,1,SK6812MINI,
D79,D_0805_2012Metric_Pad1.15x1.40mm_HandSolder,1,D,
D277,SK6812-MINI-E,1,SK6812MINI,
D85,D_0805_2012Metric_Pad1.15x1.40mm_HandSolder,1,D,
D48,D_0805_2012Metric_Pad1.15x1.40mm_HandSolder,1,D,
D223,SK6812-MINI-E,1,SK6812MINI,
D8,D_0805_2012Metric_Pad1.15x1.40mm_HandSolder,1,D,
D15,D_0805_2012Metric_Pad1.15x1.40mm_HandSolder,1,D,
D282,SK6812-MINI-E,1,SK6812MINI,
D13,D_0805_2012Metric_Pad1.15x1.40mm_HandSolder,1,D,
D82,D_0805_2012Metric_Pad1.15x1.40mm_HandSolder,1,D,
D308,SK6812-MINI-E,1,SK6812MINI,
D81,D_0805_2012Metric_Pad1.15x1.40mm_HandSolder,1,D,
D301,SK6812-MINI-E,1,SK6812MINI,
D249,SK6812-MINI-E,1,SK6812MINI,
D73,D_0805_2012Metric_Pad1.15x1.40mm_HandSolder,1,D,
D23,D_0805_2012Metric_Pad1.15x1.40mm_HandSolder,1,D,
D221,SK6812-MINI-E,1,SK6812MINI,
D50,D_0805_2012Metric_Pad1.15x1.40mm_HandSolder,1,D,
D226,SK6812-MINI-E,1,SK6812MINI,
D58,D_0805_2012Metric_Pad1.15x1.40mm_HandSolder,1,D,
R5,R_0805_2012Metric_Pad1.20x1.40mm_HandSolder,1,1M,
D44,D_0805_2012Metric_Pad1.15x1.40mm_HandSolder,1,D,
D203,SK6812-MINI-E,1,SK6812MINI,
C18,C_0805_2012Metric_Pad1.18x1.45mm_HandSolder,1,0.1u,
D41,D_0805_2012Metric_Pad1.15x1.40mm_HandSolder,1,D,
D201,SK6812-MINI-E,1,SK6812MINI,
D230,SK6812-MINI-E,1,SK6812MINI,
D59,D_0805_2012Metric_Pad1.15x1.40mm_HandSolder,1,D,
D222,SK6812-MINI-E,1,SK6812MINI,
D47,D_0805_2012Metric_Pad1.15x1.40mm_HandSolder,1,D,
D112,SK6812-MINI-E,1,SK6812MINI,
D53,D_0805_2012Metric_Pad1.15x1.40mm_HandSolder,1,D,
D307,SK6812-MINI-E,1,SK6812MINI,
D103,D_0805_2012Metric_Pad1.15x1.40mm_HandSolder,1,D,
C15,C_0805_2012Metric_Pad1.18x1.45mm_HandSolder,1,0.1u,
D209,SK6812-MINI-E,1,SK6812MINI,
D272,SK6812-MINI-E,1,SK6812MINI,
D78,D_0805_2012Metric_Pad1.15x1.40mm_HandSolder,1,D,
D215,SK6812-MINI-E,1,SK6812MINI,
D236,SK6812-MINI-E,1,SK6812MINI,
C21,C_0805_2012Metric_Pad1.18x1.45mm_HandSolder,1,0.1u,
D262,SK6812-MINI-E,1,SK6812MINI,
D264,SK6812-MINI-E,1,SK6812MINI,
D278,SK6812-MINI-E,1,SK6812MINI,
D1,D_0805_2012Metric_Pad1.15x1.40mm_HandSolder,1,D,
D256,SK6812-MINI-E,1,SK6812MINI,
C7,C_0805_2012Metric_Pad1.18x1.45mm_HandSolder,1,4.7u,
D252,SK6812-MINI-E,1,SK6812MINI,
D296,SK6812-MINI-E,1,SK6812MINI,
D28,D_0805_2012Metric_Pad1.15x1.40mm_HandSolder,1,D,
D263,SK6812-MINI-E,1,SK6812MINI,
R1,R_0805_2012Metric_Pad1.20x1.40mm_HandSolder,1,5.11k,
D62,D_0805_2012Metric_Pad1.15x1.40mm_HandSolder,1,D,
D292,SK6812-MINI-E,1,SK6812MINI,
D90,D_0805_2012Metric_Pad1.15x1.40mm_HandSolder,1,D,
R6,R_0805_2012Metric_Pad1.20x1.40mm_HandSolder,1,10k,
D36,D_0805_2012Metric_Pad1.15x1.40mm_HandSolder,1,D,
D11,D_0805_2012Metric_Pad1.15x1.40mm_HandSolder,1,D,
D74,D_0805_2012Metric_Pad1.15x1.40mm_HandSolder,1,D,
D7,D_0805_2012Metric_Pad1.15x1.40mm_HandSolder,1,D,
D94,D_0805_2012Metric_Pad1.15x1.40mm_HandSolder,1,D,
D17,D_0805_2012Metric_Pad1.15x1.40mm_HandSolder,1,D,
D2,D_0805_2012Metric_Pad1.15x1.40mm_HandSolder,1,D,
D286,SK6812-MINI-E,1,SK6812MINI,
D213,SK6812-MINI-E,1,SK6812MINI,
D200,SK6812-MINI-E,1,SK6812MINI,
R4,R_0805_2012Metric_Pad1.20x1.40mm_HandSolder,1,5.11k,
D105,D_0805_2012Metric_Pad1.15x1.40mm_HandSolder,1,D,
D285,SK6812-MINI-E,1,SK6812MINI,
D234,SK6812-MINI-E,1,SK6812MINI,
D102,D_0805_2012Metric_Pad1.15x1.40mm_HandSolder,1,D,
D228,SK6812-MINI-E,1,SK6812MINI,
D270,SK6812-MINI-E,1,SK6812MINI,
D49,D_0805_2012Metric_Pad1.15x1.40mm_HandSolder,1,D,
D239,SK6812-MINI-E,1,SK6812MINI,
D202,SK6812-MINI-E,1,SK6812MINI,
C20,C_0805_2012Metric_Pad1.18x1.45mm_HandSolder,1,0.1u,
D21,D_0805_2012Metric_Pad1.15x1.40mm_HandSolder,1,D,
D3,D_0805_2012Metric_Pad1.15x1.40mm_HandSolder,1,D,
D284,SK6812-MINI-E,1,SK6812MINI,
D93,D_0805_2012Metric_Pad1.15x1.40mm_HandSolder,1,D,
C6,C_0805_2012Metric_Pad1.18x1.45mm_HandSolder,1,4.7u,
D77,D_0805_2012Metric_Pad1.15x1.40mm_HandSolder,1,D,
D22,D_0805_2012Metric_Pad1.15x1.40mm_HandSolder,1,D,
D290,SK6812-MINI-E,1,SK6812MINI,
D208,SK6812-MINI-E,1,SK6812MINI,
D16,D_0805_2012Metric_Pad1.15x1.40mm_HandSolder,1,D,
D281,SK6812-MINI-E,1,SK6812MINI,
D34,D_0805_2012Metric_Pad1.15x1.40mm_HandSolder,1,D,
D45,D_0805_2012Metric_Pad1.15x1.40mm_HandSolder,1,D,
D68,D_0805_2012Metric_Pad1.15x1.40mm_HandSolder,1,D,
D38,D_0805_2012Metric_Pad1.15x1.40mm_HandSolder,1,D,
D88,D_0805_2012Metric_Pad1.15x1.40mm_HandSolder,1,D,
D225,SK6812-MINI-E,1,SK6812MINI,
D86,D_0805_2012Metric_Pad1.15x1.40mm_HandSolder,1,D,
D280,SK6812-MINI-E,1,SK6812MINI,
D4,D_0805_2012Metric_Pad1.15x1.40mm_HandSolder,1,D,
D69,D_0805_2012Metric_Pad1.15x1.40mm_HandSolder,1,D,
D101,D_0805_2012Metric_Pad1.15x1.40mm_HandSolder,1,D,
JP1,SolderJumper-3_P1.3mm_Open_RoundedPad1.0x1.5mm,1,SolderJumper_3_Open,
D229,SK6812-MINI-E,1,SK6812MINI,
D247,SK6812-MINI-E,1,SK6812MINI,
D29,D_0805_2012Metric_Pad1.15x1.40mm_HandSolder,1,D,
D100,D_0805_2012Metric_Pad1.15x1.40mm_HandSolder,1,D,
D269,SK6812-MINI-E,1,SK6812MINI,
